control,variant
8.25,25.27
0.0,0.0
24.62,0.0
0.0,0.0
0.0,32.06
0.0,0.0
11.2,0.0
19.28,32.04
0.0,0.0
0.0,0.0
0.0,0.0
36.26,0.0
0.0,15.65
0.0,0.0
0.0,0.0
0.0,0.0
0.0,34.83
0.0,0.0
0.0,0.0
14.0,0.0
0.0,0.0
4.51,33.02
0.0,18.29
0.0,39.65
0.0,203.78
0.0,0.0
0.0,37.31
7.69,0.0
0.0,0.0
0.0,0.0
0.0,0.0
0.0,10.48
10.01,0.0
0.0,0.0
10.54,0.0
27.52,0.0
0.0,0.0
0.0,0.0
0.0,0.0
0.0,0.0
25.47,46.73
41.38,0.0
0.0,0.0
41.97,0.0
0.0,111.21
0.0,0.0
0.0,19.35
0.0,0.0
55.01,29.35
22.54,6.08
0.0,0.0
10.54,38.0
0.0,0.0
34.62,15.95
0.0,0.0
31.65,10.87
0.0,0.0
0.0,0.0
0.0,0.0
0.0,0.0
0.0,0.0
0.0,85.18
21.4,0.0
0.0,0.0
0.0,0.0
12.63,0.0
0.0,9.71
5.53,8.8
0.0,0.0
0.0,0.0
0.0,9.22
0.0,51.53
0.0,0.0
0.0,24.66
0.0,0.0
0.0,0.0
0.0,0.0
0.0,69.85
0.0,0.0
67.19,16.7
12.27,0.0
6.0,0.0
0.0,8.67
43.64,0.0
0.0,0.0
0.0,0.0
0.0,0.0
0.0,0.0
0.0,0.0
0.0,14.94
0.0,0.0
0.0,31.08
0.0,0.0
0.0,14.7
12.83,0.0
0.0,0.0
0.0,16.07
0.0,19.29
0.0,28.87
0.0,0.0
0.0,26.29
0.0,0.0
11.69,0.0
0.0,4.98
0.0,0.0
9.28,0.0
15.4,0.0
0.0,0.0
0.0,0.0
0.0,10.34
0.0,20.97
0.0,0.0
6.72,14.21
0.0,31.88
0.0,0.0
0.0,0.0
0.0,0.0
13.67,84.02
0.0,0.0
0.0,0.0
0.0,59.01
0.0,0.0
41.17,0.0
0.0,0.0
0.0,0.0
0.0,0.0
0.0,0.0
8.94,0.0
0.0,23.32
26.02,0.0
0.0,55.25
0.0,13.56
0.0,0.0
0.0,0.0
0.0,0.0
0.0,0.0
0.0,0.0
0.0,0.0
0.0,0.0
0.0,0.0
0.0,0.0
0.0,0.0
0.0,18.52
0.0,7.39
11.95,0.0
0.0,49.51
11.77,16.2
0.0,0.0
75.73,41.31
0.0,44.95
0.0,0.0
0.0,12.94
25.87,21.6
0.0,0.0
33.59,0.0
0.0,0.0
44.25,40.17
0.0,67.15
0.0,0.0
12.94,0.0
0.0,8.15
20.29,0.0
0.0,0.0
0.0,0.0
0.0,20.3
0.0,13.78
15.14,25.05
0.0,11.47
0.0,0.0
8.5,0.0
0.0,0.0
0.0,0.0
12.74,12.54
7.72,0.0
0.0,0.0
0.0,0.0
0.0,0.0
0.0,0.0
0.0,0.0
0.0,0.0
0.0,12.94
16.32,0.0
0.0,0.0
0.0,0.0
0.0,0.0
0.0,49.76
0.0,14.48
46.38,0.0
0.0,0.0
0.0,0.0
0.0,5.52
26.53,9.12
0.0,0.0
0.0,0.0
0.0,0.0
14.04,38.36
0.0,0.0
0.0,0.0
40.04,0.0
18.86,0.0
0.0,0.0
83.31,19.09
0.0,0.0
0.0,0.0
0.0,0.0
0.0,0.0
0.0,74.78
23.21,26.93
0.0,0.0
0.0,0.0
0.0,0.0
0.0,0.0
0.0,0.0
12.34,0.0
0.0,0.0
0.0,4.62
0.0,52.86
0.0,5.96
16.7,36.24
0.0,0.0
0.0,11.34
0.0,0.0
0.0,27.11
0.0,0.0
0.0,0.0
0.0,28.91
40.92,0.0
0.0,0.0
13.95,0.0
0.0,0.0
0.0,0.0
19.23,21.03
0.0,0.0
0.0,0.0
0.0,0.0
0.0,15.75
0.0,0.0
0.0,0.0
0.0,0.0
10.74,0.0
0.0,66.7
0.0,0.0
0.0,0.0
0.0,0.0
13.1,0.0
0.0,0.0
50.92,0.0
0.0,0.0
0.0,0.0
0.0,0.0
0.0,0.0
18.9,28.89
24.83,0.0
24.88,0.0
0.0,10.27
0.0,0.0
0.0,0.0
0.0,10.31
0.0,0.0
0.0,0.0
71.66,8.79
0.0,50.83
19.28,0.0
38.36,0.0
0.0,0.0
0.0,13.07
15.76,0.0
7.57,0.0
0.0,0.0
0.0,0.0
15.73,0.0
0.0,44.72
15.33,21.82
0.0,0.0
0.0,0.0
0.0,0.0
0.0,0.0
0.0,0.0
0.0,0.0
0.0,0.0
10.32,0.0
0.0,0.0
9.7,19.41
32.71,0.0
21.53,0.0
17.94,62.66
0.0,0.0
0.0,12.52
0.0,0.0
0.0,0.0
0.0,0.0
0.0,0.0
0.0,0.0
47.13,17.15
0.0,0.0
0.0,0.0
59.33,0.0
54.23,41.19
0.0,9.65
0.0,0.0
0.0,0.0
0.0,0.0
6.63,0.0
20.53,0.0
0.0,0.0
8.61,21.16
0.0,0.0
0.0,0.0
0.0,29.08
31.2,0.0
35.49,94.02
0.0,0.0
0.0,0.0
0.0,0.0
0.0,0.0
0.0,0.0
0.0,0.0
0.0,9.05
0.0,47.06
28.09,0.0
72.27,0.0
52.49,0.0
0.0,0.0
0.0,9.9
0.0,0.0
23.92,0.0
0.0,0.0
0.0,0.0
0.0,0.0
4.64,6.19
0.0,0.0
0.0,0.0
0.0,0.0
0.0,21.75
15.55,18.9
0.0,27.46
0.0,0.0
0.0,5.16
0.0,18.22
13.77,12.6
14.16,0.0
7.65,0.0
11.59,0.0
31.7,0.0
0.0,0.0
0.0,0.0
0.0,0.0
0.0,10.75
23.76,0.0
9.19,27.28
0.0,0.0
0.0,31.13
0.0,0.0
5.88,45.24
0.0,0.0
39.79,10.16
0.0,0.0
0.0,0.0
0.0,0.0
13.13,0.0
0.0,22.14
20.1,0.0
0.0,0.0
0.0,0.0
0.0,0.0
0.0,0.0
0.0,38.72
0.0,0.0
0.0,18.22
12.7,0.0
0.0,0.0
0.0,0.0
0.0,0.0
0.0,0.0
88.18,0.0
22.14,0.0
0.0,0.0
0.0,0.0
0.0,0.0
0.0,0.0
0.0,0.0
0.0,23.92
0.0,19.75
64.6,0.0
0.0,0.0
35.23,0.0
0.0,0.0
28.19,23.28
55.68,14.07
0.0,14.13
0.0,0.0
0.0,0.0
16.8,0.0
7.65,0.0
0.0,0.0
0.0,0.0
0.0,0.0
0.0,0.0
20.16,32.11
0.0,0.0
0.0,0.0
0.0,0.0
20.96,0.0
5.97,23.15
0.0,93.36
0.0,0.0
12.67,0.0
0.0,0.0
0.0,0.0
74.44,8.62
0.0,0.0
0.0,0.0
0.0,96.41
0.0,32.73
0.0,0.0
41.67,0.0
0.0,0.0
0.0,51.37
0.0,30.52
0.0,24.89
0.0,0.0
0.0,0.0
0.0,0.0
0.0,0.0
0.0,0.0
87.11,28.36
0.0,14.55
4.28,0.0
18.39,0.0
18.22,0.0
0.0,0.0
15.84,45.15
0.0,22.64
0.0,96.13
0.0,0.0
19.22,0.0
0.0,0.0
0.0,0.0
16.32,0.0
21.21,3.11
20.49,20.18
0.0,0.0
46.97,86.41
0.0,0.0
0.0,0.0
0.0,0.0
0.0,0.0
0.0,0.0
17.14,0.0
0.0,0.0
0.0,0.0
0.0,23.98
40.23,10.11
0.0,0.0
0.0,0.0
6.7,34.16
0.0,0.0
0.0,0.0
0.0,0.0
45.29,8.7
32.59,0.0
0.0,57.87
0.0,36.99
0.0,0.0
42.38,0.0
0.0,23.0
13.97,0.0
21.16,0.0
0.0,0.0
25.68,102.35
0.0,26.4
0.0,0.0
10.06,0.0
0.0,0.0
0.0,0.0
24.38,0.0
0.0,0.0
0.0,0.0
10.41,18.17
0.0,0.0
0.0,55.95
0.0,29.2
0.0,127.33
8.13,0.0
27.85,0.0
0.0,0.0
0.0,18.95
0.0,8.52
0.0,0.0
0.0,0.0
36.59,0.0
29.8,0.0
70.47,0.0
0.0,0.0
49.28,0.0
16.73,22.92
0.0,18.85
0.0,0.0
5.43,42.82
0.0,0.0
